﻿<?xml version="1.0" encoding="utf-8" ?>
<seriesList>
  <series>
    <label>West</label>
    <x>
      <item>Desktops</item>
      <item>Notebooks</item>
      <item>AIO</item>
      <item>Tablets</item>
      <item>Phones</item>
    </x>
    <y>
      <item>5</item>
      <item>3</item>
      <item>4</item>
      <item>7</item>
      <item>2</item>
    </y>
  </series>
  <series>
    <label>Central</label>
    <x>
      <item>Desktops</item>
      <item>Notebooks</item>
      <item>AIO</item>
      <item>Tablets</item>
      <item>Phones</item>
    </x>
    <y>
      <item>2</item>
      <item>2</item>
      <item>3</item>
      <item>2</item>
      <item>1</item>
    </y>
  </series>
  <series>
    <label>East</label>
    <x>
      <item>Desktops</item>
      <item>Notebooks</item>
      <item>AIO</item>
      <item>Tablets</item>
      <item>Phones</item>
    </x>
    <y>
      <item>3</item>
      <item>4</item>
      <item>4</item>
      <item>2</item>
      <item>5</item>
    </y>
  </series>
</seriesList>